{
  "load_summary": {
    "count": 240,
    "schedule_delay": {
      "mean": 0.00032571827466654213,
      "min": -0.0011009087374986848,
      "max": 0.00395626641693525,
      "p0.1": -0.0010716716913048002,
      "p1": -0.0009111436848797894,
      "p5": -0.0006076185952224478,
      "p10": -0.00038554550974367885,
      "p25": -0.00012002267339994432,
      "median": 0.00023126270752982236,
      "p75": 0.0006404369469237281,
      "p90": 0.0010785466016386635,
      "p95": 0.0014774165894777967,
      "p99": 0.0021820167178884706,
      "p99.9": 0.003676694920233814
    },
    "send_duration": 59.176414633000604,
    "requested_rate": 4.0,
    "achieved_rate": 4.055669838878012
  },
  "successes": {
    "count": 240,
    "latency": {
      "request_latency": {
        "mean": 3.774930600937546,
        "min": 1.7444029649996082,
        "max": 8.708417236999594,
        "p0.1": 1.7480654612278321,
        "p1": 1.769579805591111,
        "p5": 1.7923187202503867,
        "p10": 1.9753215552003895,
        "p25": 2.763034294251156,
        "median": 3.753692082499583,
        "p75": 4.680319751500065,
        "p90": 5.4146403181004645,
        "p95": 5.8882040531991136,
        "p99": 6.8487578016499855,
        "p99.9": 8.683801118670713
      },
      "normalized_time_per_output_token": {
        "mean": 0.006837610292571378,
        "min": 0.0,
        "max": 0.015865847091286824,
        "p0.1": 0.0,
        "p1": 0.0,
        "p5": 0.0,
        "p10": 0.00679386905383928,
        "p25": 0.006924636010435298,
        "median": 0.0069955386709903995,
        "p75": 0.007074590258936221,
        "p90": 0.008392395595173605,
        "p95": 0.0105593655472277,
        "p99": 0.014063686777227986,
        "p99.9": 0.01578451122780148
      },
      "time_per_output_token": {
        "mean": 0.007176630363046445,
        "min": 0.006661755410828024,
        "max": 0.01484826847656251,
        "p0.1": 0.006679173540214245,
        "p1": 0.00674498442722654,
        "p5": 0.006812074158397507,
        "p10": 0.006839092394275575,
        "p25": 0.006891925634219613,
        "median": 0.0069393231732580276,
        "p75": 0.006990880851986701,
        "p90": 0.007015772441928786,
        "p95": 0.0090983198263305,
        "p99": 0.012370480944482174,
        "p99.9": 0.014844012460722297
      },
      "time_to_first_token": {
        "mean": 0.05971670199582301,
        "min": 0.014938709000489325,
        "max": 2.066056429999662,
        "p0.1": 0.015836700115409257,
        "p1": 0.018767821779601946,
        "p5": 0.01933553645058055,
        "p10": 0.019772862500940392,
        "p25": 0.021086743500745797,
        "median": 0.022599004500989395,
        "p75": 0.02430288199957431,
        "p90": 0.025633573799132135,
        "p95": 0.02598521230074766,
        "p99": 1.5546239346405477,
        "p99.9": 2.0656224604915296
      },
      "inter_token_latency": {
        "mean": 0.007154249786546167,
        "min": 5.890000466024503e-06,
        "max": 2.0462503809994814,
        "p0.1": 1.1909996399481314e-05,
        "p1": 0.006580832180152357,
        "p5": 0.006710523900073895,
        "p10": 0.006764483200095128,
        "p25": 0.006848498998806463,
        "median": 0.006932660000529722,
        "p75": 0.00700957449953421,
        "p90": 0.007096262600680347,
        "p95": 0.007202791900817828,
        "p99": 0.007490152940044936,
        "p99.9": 0.009095371784344532
      }
    },
    "throughput": {
      "input_tokens_per_sec": 12.930807965040444,
      "output_tokens_per_sec": 1738.2678192234273,
      "total_tokens_per_sec": 1751.1986271884678,
      "requests_per_sec": 3.734529376184966
    },
    "prompt_len": {
      "mean": 3.4625,
      "min": 2.0,
      "max": 5.0,
      "p0.1": 2.0,
      "p1": 2.0,
      "p5": 2.0,
      "p10": 2.0,
      "p25": 2.0,
      "median": 2.0,
      "p75": 5.0,
      "p90": 5.0,
      "p95": 5.0,
      "p99": 5.0,
      "p99.9": 5.0
    },
    "output_len": {
      "mean": 465.4583333333333,
      "min": 0.0,
      "max": 995.0,
      "p0.1": 0.0,
      "p1": 0.0,
      "p5": 0.0,
      "p10": 250.0,
      "p25": 322.5,
      "median": 479.5,
      "p75": 620.0,
      "p90": 747.6999999999999,
      "p95": 794.6499999999997,
      "p99": 922.6499999999991,
      "p99.9": 988.7860000000006
    }
  },
  "failures": {
    "count": 0,
    "request_latency": null,
    "prompt_len": null
  }
}