{
  "load_summary": {
    "count": 120,
    "schedule_delay": {
      "mean": 0.0003934124822535523,
      "min": -0.0009051335673575522,
      "max": 0.0017873717679321999,
      "p0.1": -0.0009046695317920239,
      "p1": -0.0008775301164132543,
      "p5": -0.0003067665872549696,
      "p10": -0.00022438447085733058,
      "p25": 3.5170662613381865e-05,
      "median": 0.00037849415093660355,
      "p75": 0.0006980062512411678,
      "p90": 0.0011490594511997189,
      "p95": 0.0012706551773590034,
      "p99": 0.0017049290155046045,
      "p99.9": 0.0017853405175337687
    },
    "send_duration": 59.69990820500061,
    "requested_rate": 2.0,
    "achieved_rate": 2.0100533419237068
  },
  "successes": {
    "count": 120,
    "latency": {
      "request_latency": {
        "mean": 3.4707822261000274,
        "min": 1.7006979969992244,
        "max": 6.827235803999429,
        "p0.1": 1.7041843010863704,
        "p1": 1.7326419723003164,
        "p5": 1.7511824264005553,
        "p10": 1.8250643552999464,
        "p25": 2.5373935450002136,
        "median": 3.4621579079994262,
        "p75": 4.244432249000056,
        "p90": 4.923661438600359,
        "p95": 5.369573709449013,
        "p99": 6.610119547890973,
        "p99.9": 6.804707718482635
      },
      "normalized_time_per_output_token": {
        "mean": 0.006448283368466284,
        "min": 0.0,
        "max": 0.008662674684013614,
        "p0.1": 0.0,
        "p1": 0.0,
        "p5": 0.0,
        "p10": 0.006731252809272132,
        "p25": 0.006796651277630257,
        "median": 0.0068244257780972345,
        "p75": 0.006862565738885499,
        "p90": 0.007451065318797274,
        "p95": 0.007943313039626069,
        "p99": 0.008444170252836154,
        "p99.9": 0.008642699969932999
      },
      "time_per_output_token": {
        "mean": 0.006781381756015131,
        "min": 0.006535915662425396,
        "max": 0.006890041347659803,
        "p0.1": 0.006541652974757106,
        "p1": 0.0065999142665252464,
        "p5": 0.006716399300170046,
        "p10": 0.006740342768392724,
        "p25": 0.006758812905117193,
        "median": 0.006780778408191449,
        "p75": 0.006816015372237128,
        "p90": 0.006830812665236552,
        "p95": 0.006837701456442417,
        "p99": 0.00687067779486976,
        "p99.9": 0.006888014234256815
      },
      "time_to_first_token": {
        "mean": 0.02199683416671784,
        "min": 0.014063983000596636,
        "max": 0.02782678699986718,
        "p0.1": 0.014524496578500475,
        "p1": 0.017958428909787473,
        "p5": 0.018788202349060156,
        "p10": 0.01920726879998256,
        "p25": 0.02015320425016398,
        "median": 0.021837908499946934,
        "p75": 0.023629144750884734,
        "p90": 0.025004928200360155,
        "p95": 0.02583804485047949,
        "p99": 0.027574175959853165,
        "p99.9": 0.027815058835865786
      },
      "inter_token_latency": {
        "mean": 0.006785490300375793,
        "min": 7.463999281753786e-06,
        "max": 0.012684478000664967,
        "p0.1": 1.0780920543766114e-05,
        "p1": 0.006463387560434058,
        "p5": 0.0066231015996891076,
        "p10": 0.0066641078010434285,
        "p25": 0.006727198000589851,
        "median": 0.0067936129998997785,
        "p75": 0.006859698998596286,
        "p90": 0.006929351400322048,
        "p95": 0.0069898737998300925,
        "p99": 0.0072256676405959295,
        "p99.9": 0.007688505443533406
      }
    },
    "throughput": {
      "input_tokens_per_sec": 6.6258215042091155,
      "output_tokens_per_sec": 871.7007039386482,
      "total_tokens_per_sec": 878.3265254428572,
      "requests_per_sec": 1.906711224232839
    },
    "prompt_len": {
      "mean": 3.475,
      "min": 2.0,
      "max": 5.0,
      "p0.1": 2.0,
      "p1": 2.0,
      "p5": 2.0,
      "p10": 2.0,
      "p25": 2.0,
      "median": 2.0,
      "p75": 5.0,
      "p90": 5.0,
      "p95": 5.0,
      "p99": 5.0,
      "p99.9": 5.0
    },
    "output_len": {
      "mean": 457.175,
      "min": 0.0,
      "max": 995.0,
      "p0.1": 0.0,
      "p1": 0.0,
      "p5": 0.0,
      "p10": 255.0,
      "p25": 328.5,
      "median": 466.5,
      "p75": 590.75,
      "p90": 704.1,
      "p95": 772.1,
      "p99": 957.4100000000001,
      "p99.9": 991.9060000000004
    }
  },
  "failures": {
    "count": 0,
    "request_latency": null,
    "prompt_len": null
  }
}