{
  "load_summary": {
    "count": 60,
    "schedule_delay": {
      "mean": 0.0006026820243884382,
      "min": -0.0006382947394740768,
      "max": 0.00198809040193737,
      "p0.1": -0.0006271948890971544,
      "p1": -0.0005272962357048528,
      "p5": -0.00038244023344304875,
      "p10": -0.00033601461564103374,
      "p25": 0.00019876503938576207,
      "median": 0.0005145555942362989,
      "p75": 0.0011143174283461121,
      "p90": 0.001447412658308167,
      "p95": 0.0017584599711881305,
      "p99": 0.001945321765506378,
      "p99.9": 0.0019838135382942716
    },
    "send_duration": 58.513467761000356,
    "requested_rate": 1.0,
    "achieved_rate": 1.025404958821983
  },
  "successes": {
    "count": 60,
    "latency": {
      "request_latency": {
        "mean": 3.6127127097832576,
        "min": 1.6868337689993496,
        "max": 8.724028558999635,
        "p0.1": 1.6893239929734192,
        "p1": 1.7117360087400448,
        "p5": 1.7473761523991924,
        "p10": 1.8809616499002004,
        "p25": 2.6374697464998462,
        "median": 3.6175015309991068,
        "p75": 4.28734375275053,
        "p90": 5.052499333900051,
        "p95": 5.364678052399448,
        "p99": 8.592984490310409,
        "p99.9": 8.710924152130714
      },
      "normalized_time_per_output_token": {
        "mean": 0.00728648764927652,
        "min": 0.0,
        "max": 0.01504361897276713,
        "p0.1": 0.0,
        "p1": 0.0,
        "p5": 0.0065297986633306195,
        "p10": 0.006590987597332616,
        "p25": 0.006731232410681739,
        "median": 0.006807660549845556,
        "p75": 0.007272476341129248,
        "p90": 0.009006311305646214,
        "p95": 0.011418993281793183,
        "p99": 0.015042132094708498,
        "p99.9": 0.015043470284961268
      },
      "time_per_output_token": {
        "mean": 0.007348015855621752,
        "min": 0.006455375865383617,
        "max": 0.01499716030468079,
        "p0.1": 0.006457814823487892,
        "p1": 0.006479765446426364,
        "p5": 0.0065298717939334065,
        "p10": 0.00660943937538779,
        "p25": 0.006679385022974781,
        "median": 0.006734137122649572,
        "p75": 0.006787299518209707,
        "p90": 0.009134174221117676,
        "p95": 0.01184740204242365,
        "p99": 0.014991344838318028,
        "p99.9": 0.014996578758044514
      },
      "time_to_first_token": {
        "mean": 0.062327112433285946,
        "min": 0.014291964000221924,
        "max": 2.124052152999866,
        "p0.1": 0.014312921390259362,
        "p1": 0.014501537900596304,
        "p5": 0.016100312949038197,
        "p10": 0.01947729170024104,
        "p25": 0.02030882174949511,
        "median": 0.02174705100060237,
        "p75": 0.023840951999773097,
        "p90": 0.024797463199865886,
        "p95": 0.025055933800649653,
        "p99": 1.0842123046098218,
        "p99.9": 2.020068168160879
      },
      "inter_token_latency": {
        "mean": 0.007218504167215066,
        "min": 8.486000297125429e-06,
        "max": 2.1044713409992255,
        "p0.1": 1.055036360048689e-05,
        "p1": 0.006365680560047621,
        "p5": 0.006462234000719036,
        "p10": 0.006609144200047013,
        "p25": 0.006674460999420262,
        "median": 0.006741571000020485,
        "p75": 0.006813370000600116,
        "p90": 0.0068644722006865775,
        "p95": 0.006894668399763759,
        "p99": 0.007031994960270822,
        "p99.9": 0.007430899800521745
      }
    },
    "throughput": {
      "input_tokens_per_sec": 3.4191762564869905,
      "output_tokens_per_sec": 442.07099682829715,
      "total_tokens_per_sec": 445.49017308478415,
      "requests_per_sec": 0.9497711823574974
    },
    "prompt_len": {
      "mean": 3.6,
      "min": 2.0,
      "max": 5.0,
      "p0.1": 2.0,
      "p1": 2.0,
      "p5": 2.0,
      "p10": 2.0,
      "p25": 2.0,
      "median": 5.0,
      "p75": 5.0,
      "p90": 5.0,
      "p95": 5.0,
      "p99": 5.0,
      "p99.9": 5.0
    },
    "output_len": {
      "mean": 465.45,
      "min": 0.0,
      "max": 969.0,
      "p0.1": 0.0,
      "p1": 0.0,
      "p5": 254.3,
      "p10": 257.0,
      "p25": 332.5,
      "median": 474.5,
      "p75": 570.75,
      "p90": 683.3000000000001,
      "p95": 768.1,
      "p99": 952.4799999999999,
      "p99.9": 967.3480000000003
    }
  },
  "failures": {
    "count": 0,
    "request_latency": null,
    "prompt_len": null
  }
}