{
  "load_summary": {
    "count": 420,
    "schedule_delay": {
      "mean": 0.0003846257267945302,
      "min": -0.0011009087374986848,
      "max": 0.00395626641693525,
      "p0.1": -0.0010496521586064772,
      "p1": -0.0008875478901609312,
      "p5": -0.0005453596861116238,
      "p10": -0.0003341459301736904,
      "p25": -7.10610579517379e-05,
      "median": 0.00034878796486736974,
      "p75": 0.0007220532615974662,
      "p90": 0.0012053515492880253,
      "p95": 0.0014443907500208283,
      "p99": 0.0019858438027949886,
      "p99.9": 0.0034661389812955306
    }
  },
  "successes": {
    "count": 420,
    "latency": {
      "request_latency": {
        "mean": 3.664857080819071,
        "min": 1.6868337689993496,
        "max": 8.724028558999635,
        "p0.1": 1.6926428805312972,
        "p1": 1.7388379903495297,
        "p5": 1.7831030975996327,
        "p10": 1.8977422891999596,
        "p25": 2.6716302125000766,
        "median": 3.63861956349956,
        "p75": 4.452625636749417,
        "p90": 5.317320958200071,
        "p95": 5.765133043850342,
        "p99": 6.94169805419977,
        "p99.9": 8.717487415081619
      },
      "normalized_time_per_output_token": {
        "mean": 0.006790499365213515,
        "min": 0.0,
        "max": 0.015865847091286824,
        "p0.1": 0.0,
        "p1": 0.0,
        "p5": 0.0,
        "p10": 0.006701741975211402,
        "p25": 0.006810938726942935,
        "median": 0.006938075748164145,
        "p75": 0.007046089713581836,
        "p90": 0.008064052175893519,
        "p95": 0.009500341055424697,
        "p99": 0.014565089629195716,
        "p99.9": 0.01572325409212215
      },
      "time_per_output_token": {
        "mean": 0.007088185831405401,
        "min": 0.006455375865383617,
        "max": 0.01499716030468079,
        "p0.1": 0.0064726966017512625,
        "p1": 0.006536747867915049,
        "p5": 0.006683489277538613,
        "p10": 0.006734423273827872,
        "p25": 0.006778148633635886,
        "median": 0.006854049189752453,
        "p75": 0.006957292908095917,
        "p90": 0.00700492011000337,
        "p95": 0.007129854983832433,
        "p99": 0.012854783312780732,
        "p99.9": 0.014993030337890964
      },
      "time_to_first_token": {
        "mean": 0.04931251267857338,
        "min": 0.014063983000596636,
        "max": 2.124052152999866,
        "p0.1": 0.014159507039439632,
        "p1": 0.016088881789310106,
        "p5": 0.01902189529982934,
        "p10": 0.01954278310022346,
        "p25": 0.0206281100004162,
        "median": 0.022381372999916493,
        "p75": 0.02412947425045786,
        "p90": 0.025257118498848284,
        "p95": 0.025950270049543176,
        "p99": 1.4020761488595974,
        "p99.9": 2.099751945062785
      },
      "inter_token_latency": {
        "mean": 0.007058512186634022,
        "min": 5.890000466024503e-06,
        "max": 2.1044713409992255,
        "p0.1": 1.1143375930259935e-05,
        "p1": 0.006422009320594953,
        "p5": 0.006637720799699309,
        "p10": 0.006685517199366586,
        "p25": 0.00676669899985427,
        "median": 0.006860804000098142,
        "p75": 0.006962578001548536,
        "p90": 0.007054339599199011,
        "p95": 0.0071267561997956355,
        "p99": 0.007430381640515405,
        "p99.9": 0.008671887927179383
      }
    },
    "throughput": {
      "input_tokens_per_sec": 6.514098528053558,
      "output_tokens_per_sec": 865.4229067686891,
      "total_tokens_per_sec": 871.9370052967427,
      "requests_per_sec": 1.8687987580481518
    },
    "prompt_len": {
      "mean": 3.4857142857142858,
      "min": 2.0,
      "max": 5.0,
      "p0.1": 2.0,
      "p1": 2.0,
      "p5": 2.0,
      "p10": 2.0,
      "p25": 2.0,
      "median": 2.0,
      "p75": 5.0,
      "p90": 5.0,
      "p95": 5.0,
      "p99": 5.0,
      "p99.9": 5.0
    },
    "output_len": {
      "mean": 463.0904761904762,
      "min": 0.0,
      "max": 995.0,
      "p0.1": 0.0,
      "p1": 0.0,
      "p5": 0.0,
      "p10": 255.0,
      "p25": 329.0,
      "median": 472.5,
      "p75": 607.5,
      "p90": 722.0,
      "p95": 772.0999999999999,
      "p99": 965.01,
      "p99.9": 995.0
    }
  },
  "failures": {
    "count": 0,
    "request_latency": null,
    "prompt_len": null
  }
}