{
  "load_summary": {
    "count": 30,
    "schedule_delay": {
      "mean": 0.0005221331798869262,
      "min": -0.0011244844881730387,
      "max": 0.0015977145521901548,
      "p0.1": -0.00111093997586795,
      "p1": -0.000989039365122153,
      "p5": -0.000476203457401425,
      "p10": -0.0001069701684173196,
      "p25": 1.844430380515405e-05,
      "median": 0.0005148621612534043,
      "p75": 0.0009654488362684788,
      "p90": 0.00131270920883253,
      "p95": 0.001509486079339694,
      "p99": 0.0015972457868519995,
      "p99.9": 0.0015976676756563394
    },
    "send_duration": 28.672894780000206,
    "requested_rate": 1.0,
    "achieved_rate": 1.0462843124205747
  },
  "successes": {
    "count": 30,
    "latency": {
      "request_latency": {
        "mean": 0.3484502139665589,
        "min": 0.0716116889998375,
        "max": 0.6735810520003724,
        "p0.1": 0.07163335942381309,
        "p1": 0.07182839323959342,
        "p5": 0.07293644259971188,
        "p10": 0.07451580579909205,
        "p25": 0.07550536449980427,
        "median": 0.2937953094997283,
        "p75": 0.6505691512484191,
        "p90": 0.654078558999754,
        "p95": 0.666506122300052,
        "p99": 0.6728555450803105,
        "p99.9": 0.6735085013083663
      },
      "normalized_time_per_output_token": {
        "mean": 0.006757883643050534,
        "min": 0.00642078186137951,
        "max": 0.008584568090803012,
        "p0.1": 0.00642081930956736,
        "p1": 0.00642115634325801,
        "p5": 0.006424317996526844,
        "p10": 0.00643932140988945,
        "p25": 0.006452081715348084,
        "median": 0.006617188579961778,
        "p75": 0.006812308136349285,
        "p90": 0.007017286663771798,
        "p95": 0.007646297886417,
        "p99": 0.008352694161755856,
        "p99.9": 0.008561380697898299
      },
      "time_per_output_token": {
        "mean": 0.00609889630623134,
        "min": 0.005672656099886808,
        "max": 0.006576136558436843,
        "p0.1": 0.005675019675292242,
        "p1": 0.005696291853941148,
        "p5": 0.005755830450116264,
        "p10": 0.005758361050047824,
        "p25": 0.005764033750074305,
        "median": 0.0062756720916942125,
        "p75": 0.0063314424775035155,
        "p90": 0.006370412387992474,
        "p95": 0.006489518955500898,
        "p99": 0.006559878404890288,
        "p99.9": 0.006574510743082188
      },
      "time_to_first_token": {
        "mean": 0.01714169006669787,
        "min": 0.012983100999917951,
        "max": 0.03477701799965871,
        "p0.1": 0.012991179239890698,
        "p1": 0.01306388339964542,
        "p5": 0.013575707899053668,
        "p10": 0.014145906900557748,
        "p25": 0.01469474675013771,
        "median": 0.015343684499384835,
        "p75": 0.018401100000119186,
        "p90": 0.022058259399818782,
        "p95": 0.02354891260138174,
        "p99": 0.03163982236026642,
        "p99.9": 0.03446329843571952
      },
      "inter_token_latency": {
        "mean": 0.0063116319494915295,
        "min": 7.487000402761623e-06,
        "max": 0.011108964999948512,
        "p0.1": 8.076724710917915e-06,
        "p1": 1.0266750632581533e-05,
        "p5": 0.0062668388002748545,
        "p10": 0.006332232600834686,
        "p25": 0.006365613999605557,
        "median": 0.006394264000846306,
        "p75": 0.006440876249598659,
        "p90": 0.00664655310119997,
        "p95": 0.006697402150984999,
        "p99": 0.006880391400427469,
        "p99.9": 0.007438390900373704
      }
    },
    "throughput": {
      "input_tokens_per_sec": 57.564783294499456,
      "output_tokens_per_sec": 54.3591614759669,
      "total_tokens_per_sec": 111.92394477046635,
      "requests_per_sec": 1.0230707931486869
    },
    "prompt_len": {
      "mean": 56.266666666666666,
      "min": 11.0,
      "max": 101.0,
      "p0.1": 11.0,
      "p1": 11.0,
      "p5": 11.0,
      "p10": 11.0,
      "p25": 11.0,
      "median": 47.5,
      "p75": 101.0,
      "p90": 101.0,
      "p95": 101.0,
      "p99": 101.0,
      "p99.9": 101.0
    },
    "output_len": {
      "mean": 53.13333333333333,
      "min": 11.0,
      "max": 101.0,
      "p0.1": 11.0,
      "p1": 11.0,
      "p5": 11.0,
      "p10": 11.0,
      "p25": 11.0,
      "median": 45.0,
      "p75": 101.0,
      "p90": 101.0,
      "p95": 101.0,
      "p99": 101.0,
      "p99.9": 101.0
    }
  },
  "failures": {
    "count": 0,
    "request_latency": null,
    "prompt_len": null
  }
}