{
  "load_summary": {
    "count": 60,
    "schedule_delay": {
      "mean": 0.0003814384137513116,
      "min": -0.0006410939422494266,
      "max": 0.0015338271405198611,
      "p0.1": -0.0006364673662574205,
      "p1": -0.0005948281823293655,
      "p5": -0.00043970888164039933,
      "p10": -0.00033054973027901724,
      "p25": 4.867072402703343e-05,
      "median": 0.0002268530606670538,
      "p75": 0.0007190191931840673,
      "p90": 0.0012346165138296783,
      "p95": 0.0013391561875323531,
      "p99": 0.0014715541903933622,
      "p99.9": 0.0015275998455072123
    },
    "send_duration": 29.95750770199993,
    "requested_rate": 2.0,
    "achieved_rate": 2.0028368379921826
  },
  "successes": {
    "count": 60,
    "latency": {
      "request_latency": {
        "mean": 0.3275769474834002,
        "min": 0.07085417000052985,
        "max": 0.6766111819997604,
        "p0.1": 0.07085545307345638,
        "p1": 0.07086700072979511,
        "p5": 0.07118958915061739,
        "p10": 0.07217381090085837,
        "p25": 0.0742584872500629,
        "median": 0.12156531700020423,
        "p75": 0.6525802320006733,
        "p90": 0.6637948932004292,
        "p95": 0.6722867844507163,
        "p99": 0.6761455250901417,
        "p99.9": 0.6765646163087986
      },
      "normalized_time_per_output_token": {
        "mean": 0.006753241535415632,
        "min": 0.006398449415842556,
        "max": 0.00755362190912737,
        "p0.1": 0.006398637171787863,
        "p1": 0.0064003269752956225,
        "p5": 0.006418098316648678,
        "p10": 0.0064407888775401,
        "p25": 0.006498787330106634,
        "median": 0.006627159100401969,
        "p75": 0.006840693472033715,
        "p90": 0.00744720006358958,
        "p95": 0.0074621088909225365,
        "p99": 0.007546662161844737,
        "p99.9": 0.007552925934399107
      },
      "time_per_output_token": {
        "mean": 0.006131668599275295,
        "min": 0.005736045200137596,
        "max": 0.006560609070002102,
        "p0.1": 0.005736249617430258,
        "p1": 0.005738089373064213,
        "p5": 0.005743128624872042,
        "p10": 0.005749004200006311,
        "p25": 0.005762515049900685,
        "median": 0.006085561129164792,
        "p75": 0.0064177543369846905,
        "p90": 0.006490791376012567,
        "p95": 0.0065079575364816265,
        "p99": 0.006545037204661866,
        "p99.9": 0.006559051883468078
      },
      "time_to_first_token": {
        "mean": 0.01723067923327714,
        "min": 0.012412003999997978,
        "max": 0.024900008998884005,
        "p0.1": 0.012412559425973087,
        "p1": 0.012417558259749058,
        "p5": 0.012880942799256445,
        "p10": 0.01322822620095394,
        "p25": 0.014108615750956233,
        "median": 0.014939852499992412,
        "p75": 0.02078489199948308,
        "p90": 0.022134306898806244,
        "p95": 0.023446534549475474,
        "p99": 0.024363355029381632,
        "p99.9": 0.024846343601933777
      },
      "inter_token_latency": {
        "mean": 0.00635669914085171,
        "min": 7.795999408699572e-06,
        "max": 0.007255825001266203,
        "p0.1": 8.035601475057774e-06,
        "p1": 9.459409939154285e-06,
        "p5": 0.00627726649872784,
        "p10": 0.006340886699399561,
        "p25": 0.00637868624926341,
        "median": 0.006430885499867145,
        "p75": 0.006605418249819195,
        "p90": 0.006659410400425258,
        "p95": 0.006710758099779923,
        "p99": 0.006894173440523446,
        "p99.9": 0.007066556147820012
      }
    },
    "throughput": {
      "input_tokens_per_sec": 103.23428367887324,
      "output_tokens_per_sec": 99.1715150953821,
      "total_tokens_per_sec": 202.40579877425535,
      "requests_per_sec": 1.9980829099136757
    },
    "prompt_len": {
      "mean": 51.666666666666664,
      "min": 11.0,
      "max": 101.0,
      "p0.1": 11.0,
      "p1": 11.0,
      "p5": 11.0,
      "p10": 11.0,
      "p25": 11.0,
      "median": 33.0,
      "p75": 101.0,
      "p90": 101.0,
      "p95": 101.0,
      "p99": 101.0,
      "p99.9": 101.0
    },
    "output_len": {
      "mean": 49.63333333333333,
      "min": 11.0,
      "max": 101.0,
      "p0.1": 11.0,
      "p1": 11.0,
      "p5": 11.0,
      "p10": 11.0,
      "p25": 11.0,
      "median": 18.0,
      "p75": 101.0,
      "p90": 101.0,
      "p95": 101.0,
      "p99": 101.0,
      "p99.9": 101.0
    }
  },
  "failures": {
    "count": 0,
    "request_latency": null,
    "prompt_len": null
  }
}