{
  "load_summary": {
    "count": 90,
    "schedule_delay": {
      "mean": 0.0004283366691298498,
      "min": -0.0011244844881730387,
      "max": 0.0015977145521901548,
      "p0.1": -0.0010829168469608703,
      "p1": -0.0007088080760513549,
      "p5": -0.0004521702705460484,
      "p10": -0.0002620052848214982,
      "p25": 3.712837406055769e-05,
      "median": 0.00038961332484177547,
      "p75": 0.0008488203366141533,
      "p90": 0.0012884058791314602,
      "p95": 0.0013973171454381371,
      "p99": 0.0015962759275316785,
      "p99.9": 0.0015975706897243072
    }
  },
  "successes": {
    "count": 90,
    "latency": {
      "request_latency": {
        "mean": 0.3345347029777865,
        "min": 0.07085417000052985,
        "max": 0.6766111819997604,
        "p0.1": 0.07085610548341902,
        "p1": 0.07087352482942151,
        "p5": 0.07142719204985042,
        "p10": 0.07235582460034493,
        "p25": 0.0750295004995678,
        "median": 0.20852593499967043,
        "p75": 0.6507621017499332,
        "p90": 0.6612553666998793,
        "p95": 0.6716540221004834,
        "p99": 0.6759087503903356,
        "p99.9": 0.6765409388388179
      },
      "normalized_time_per_output_token": {
        "mean": 0.006754788904627264,
        "min": 0.006398449415842556,
        "max": 0.008584568090803012,
        "p0.1": 0.006398732640912595,
        "p1": 0.006401281666542945,
        "p5": 0.0064213629539495954,
        "p10": 0.006440244757412993,
        "p25": 0.006473894909132386,
        "median": 0.006627159100401969,
        "p75": 0.006833853608406151,
        "p90": 0.00744720006358958,
        "p95": 0.007477669286394799,
        "p99": 0.007872954998210016,
        "p99.9": 0.008513406781543725
      },
      "time_per_output_token": {
        "mean": 0.0061207445015939764,
        "min": 0.005672656099886808,
        "max": 0.006576136558436843,
        "p0.1": 0.005678297729809128,
        "p1": 0.00572907239911001,
        "p5": 0.005744489259968759,
        "p10": 0.005751672650094406,
        "p25": 0.005762646700031837,
        "median": 0.006195739969151267,
        "p75": 0.006368692942496637,
        "p90": 0.0064794311145041465,
        "p95": 0.006514210540991371,
        "p99": 0.006562317093729923,
        "p99.9": 0.006574754611966152
      },
      "time_to_first_token": {
        "mean": 0.017201016177750716,
        "min": 0.012412003999997978,
        "max": 0.03477701799965871,
        "p0.1": 0.01241284184596043,
        "p1": 0.012420382459622488,
        "p5": 0.012991288749890372,
        "p10": 0.013260336099119741,
        "p25": 0.01436931550006193,
        "median": 0.015256587499607122,
        "p75": 0.02045518799968704,
        "p90": 0.022134306898806244,
        "p95": 0.02346322005014372,
        "p99": 0.025986479988969215,
        "p99.9": 0.03389796419858992
      },
      "inter_token_latency": {
        "mean": 0.006340972883090148,
        "min": 7.487000402761623e-06,
        "max": 0.011108964999948512,
        "p0.1": 8.012493521164288e-06,
        "p1": 9.602959398762323e-06,
        "p5": 0.006274474250312778,
        "p10": 0.006337904699830687,
        "p25": 0.006373203000748617,
        "median": 0.00641027099936764,
        "p75": 0.006591150499843934,
        "p90": 0.006656812799155887,
        "p95": 0.0067019540988439985,
        "p99": 0.006894001918844879,
        "p99.9": 0.007192596875631352
      }
    },
    "throughput": {
      "input_tokens_per_sec": 63.18208876881355,
      "output_tokens_per_sec": 60.33176897473174,
      "total_tokens_per_sec": 123.51385774354529,
      "requests_per_sec": 1.1876332475340892
    },
    "prompt_len": {
      "mean": 53.2,
      "min": 11.0,
      "max": 101.0,
      "p0.1": 11.0,
      "p1": 11.0,
      "p5": 11.0,
      "p10": 11.0,
      "p25": 11.0,
      "median": 36.0,
      "p75": 101.0,
      "p90": 101.0,
      "p95": 101.0,
      "p99": 101.0,
      "p99.9": 101.0
    },
    "output_len": {
      "mean": 50.8,
      "min": 11.0,
      "max": 101.0,
      "p0.1": 11.0,
      "p1": 11.0,
      "p5": 11.0,
      "p10": 11.0,
      "p25": 11.0,
      "median": 32.0,
      "p75": 101.0,
      "p90": 101.0,
      "p95": 101.0,
      "p99": 101.0,
      "p99.9": 101.0
    }
  },
  "failures": {
    "count": 0,
    "request_latency": null,
    "prompt_len": null
  }
}