{
  "load_summary": {
    "count": 120,
    "schedule_delay": {
      "mean": 0.00023004680351353576,
      "min": -0.0011762787066800229,
      "max": 0.0017306652830484381,
      "p0.1": -0.0011732757804184075,
      "p1": -0.0010993680952242357,
      "p5": -0.0006047601763157218,
      "p10": -0.0004888795967417537,
      "p25": -0.00015377719580556004,
      "median": 0.0002084518825995474,
      "p75": 0.0005743816859649087,
      "p90": 0.0010045353577879724,
      "p95": 0.0011969938752827147,
      "p99": 0.00135908127595485,
      "p99.9": 0.0016866512962828947
    },
    "send_duration": 58.766130686,
    "requested_rate": 2.0,
    "achieved_rate": 2.0419925320791608
  },
  "successes": {
    "count": 120,
    "latency": {
      "request_latency": {
        "mean": 0.03009786344166514,
        "min": 0.02050117599992518,
        "max": 0.044045811999694706,
        "p0.1": 0.02055149824396767,
        "p1": 0.02096720214024117,
        "p5": 0.022251123600017308,
        "p10": 0.023523747499893943,
        "p25": 0.02679478850018313,
        "median": 0.030197883500022726,
        "p75": 0.03337218524995933,
        "p90": 0.03599845689986978,
        "p95": 0.037999929050238274,
        "p99": 0.040742578490144295,
        "p99.9": 0.043663797723752444
      },
      "normalized_time_per_output_token": {
        "mean": 0.01504893172083257,
        "min": 0.01025058799996259,
        "max": 0.022022905999847353,
        "p0.1": 0.010275749121983835,
        "p1": 0.010483601070120585,
        "p5": 0.011125561800008654,
        "p10": 0.011761873749946972,
        "p25": 0.013397394250091565,
        "median": 0.015098941750011363,
        "p75": 0.016686092624979665,
        "p90": 0.01799922844993489,
        "p95": 0.018999964525119137,
        "p99": 0.020371289245072147,
        "p99.9": 0.021831898861876222
      },
      "time_per_output_token": {
        "mean": 5.885430001626446e-05,
        "min": 3.4516000141593395e-05,
        "max": 0.0001767900002960232,
        "p0.1": 3.4673675097565136e-05,
        "p1": 3.604467986406235e-05,
        "p5": 3.8733149995096025e-05,
        "p10": 4.2599899643391836e-05,
        "p25": 4.92444999053987e-05,
        "median": 5.72679998640524e-05,
        "p75": 6.663274996299151e-05,
        "p90": 7.446250019711442e-05,
        "p95": 7.896240033460343e-05,
        "p99": 9.083094015750249e-05,
        "p99.9": 0.00016666429028600884
      },
      "time_to_first_token": {
        "mean": 0.026646557741666282,
        "min": 0.017510155999843846,
        "max": 0.03985559100010505,
        "p0.1": 0.017514069314856898,
        "p1": 0.017625850219983478,
        "p5": 0.018946929200205888,
        "p10": 0.02000405259996114,
        "p25": 0.023264043250037503,
        "median": 0.026802229999930205,
        "p75": 0.02972473824968347,
        "p90": 0.0323595284000021,
        "p95": 0.034251921850000144,
        "p99": 0.03647131112971238,
        "p99.9": 0.03946643839005497
      },
      "inter_token_latency": {
        "mean": 5.885430001626446e-05,
        "min": 3.4516000141593395e-05,
        "max": 0.0001767900002960232,
        "p0.1": 3.4673675097565136e-05,
        "p1": 3.604467986406235e-05,
        "p5": 3.8733149995096025e-05,
        "p10": 4.2599899643391836e-05,
        "p25": 4.92444999053987e-05,
        "median": 5.72679998640524e-05,
        "p75": 6.663274996299151e-05,
        "p90": 7.446250019711442e-05,
        "p95": 7.896240033460343e-05,
        "p99": 9.083094015750249e-05,
        "p99.9": 0.00016666429028600884
      }
    },
    "throughput": {
      "input_tokens_per_sec": 2128.1595642538186,
      "output_tokens_per_sec": 4.082147501765636,
      "total_tokens_per_sec": 2132.241711755584,
      "requests_per_sec": 2.041073750882818
    },
    "prompt_len": {
      "mean": 1042.6666666666667,
      "min": 518.0,
      "max": 1547.0,
      "p0.1": 533.113,
      "p1": 653.74,
      "p5": 787.3,
      "p10": 807.8,
      "p25": 880.0,
      "median": 1016.0,
      "p75": 1188.0,
      "p90": 1305.1000000000001,
      "p95": 1402.15,
      "p99": 1482.49,
      "p99.9": 1539.979000000001
    },
    "output_len": {
      "mean": 2.0,
      "min": 2.0,
      "max": 2.0,
      "p0.1": 2.0,
      "p1": 2.0,
      "p5": 2.0,
      "p10": 2.0,
      "p25": 2.0,
      "median": 2.0,
      "p75": 2.0,
      "p90": 2.0,
      "p95": 2.0,
      "p99": 2.0,
      "p99.9": 2.0
    }
  },
  "failures": {
    "count": 0,
    "request_latency": null,
    "prompt_len": null
  }
}