{
  "load_summary": {
    "count": 240,
    "schedule_delay": {
      "mean": 0.00034247802989852973,
      "min": -0.001176852367734682,
      "max": 0.0017011289851325273,
      "p0.1": -0.0011368865794725025,
      "p1": -0.0008629503675865635,
      "p5": -0.0005244775380560895,
      "p10": -0.00036994823781242295,
      "p25": -2.0707207909254066e-05,
      "median": 0.00031317036655309494,
      "p75": 0.0007544412882225515,
      "p90": 0.0010200732875546234,
      "p95": 0.0012553058859793964,
      "p99": 0.0014780192453099513,
      "p99.9": 0.001663072216407276
    },
    "send_duration": 59.835258233999866,
    "requested_rate": 4.0,
    "achieved_rate": 4.011013022813798
  },
  "successes": {
    "count": 240,
    "latency": {
      "request_latency": {
        "mean": 0.030964541575002613,
        "min": 0.018942709999919316,
        "max": 0.1459006700001737,
        "p0.1": 0.019231132570860156,
        "p1": 0.020860498140091294,
        "p5": 0.023468492100028014,
        "p10": 0.02415992219985128,
        "p25": 0.02635357299993757,
        "median": 0.03009791149997909,
        "p75": 0.03368037024995374,
        "p90": 0.03703574679993835,
        "p95": 0.03840096475025802,
        "p99": 0.04145938305998696,
        "p99.9": 0.13762703563707865
      },
      "normalized_time_per_output_token": {
        "mean": 0.015482270787501307,
        "min": 0.009471354999959658,
        "max": 0.07295033500008685,
        "p0.1": 0.009615566285430078,
        "p1": 0.010430249070045647,
        "p5": 0.011734246050014007,
        "p10": 0.01207996109992564,
        "p25": 0.013176786499968784,
        "median": 0.015048955749989545,
        "p75": 0.01684018512497687,
        "p90": 0.018517873399969177,
        "p95": 0.01920048237512901,
        "p99": 0.02072969152999348,
        "p99.9": 0.06881351781853932
      },
      "time_per_output_token": {
        "mean": 6.007707913227023e-05,
        "min": 3.6435999845707556e-05,
        "max": 0.00010613599988573696,
        "p0.1": 3.650674385835373e-05,
        "p1": 3.719774013916322e-05,
        "p5": 4.277710036149074e-05,
        "p10": 4.495259968280152e-05,
        "p25": 4.978974982350337e-05,
        "median": 5.733699981647078e-05,
        "p75": 6.889750000027561e-05,
        "p90": 7.833470017430955e-05,
        "p95": 8.46321497192548e-05,
        "p99": 0.000100568599800681,
        "p99.9": 0.0001060841368907859
      },
      "time_to_first_token": {
        "mean": 0.027507100491675374,
        "min": 0.015212496000003739,
        "max": 0.14299044900008084,
        "p0.1": 0.015742208190907603,
        "p1": 0.017949951019945728,
        "p5": 0.020028865500216854,
        "p10": 0.020615496099708253,
        "p25": 0.02310002725027971,
        "median": 0.026718953499994313,
        "p75": 0.029986274749830955,
        "p90": 0.033314057699817566,
        "p95": 0.035179285399931357,
        "p99": 0.03773385051019885,
        "p99.9": 0.1344358847160383
      },
      "inter_token_latency": {
        "mean": 6.007707913227023e-05,
        "min": 3.6435999845707556e-05,
        "max": 0.00010613599988573696,
        "p0.1": 3.650674385835373e-05,
        "p1": 3.719774013916322e-05,
        "p5": 4.277710036149074e-05,
        "p10": 4.495259968280152e-05,
        "p25": 4.978974982350337e-05,
        "median": 5.733699981647078e-05,
        "p75": 6.889750000027561e-05,
        "p90": 7.833470017430955e-05,
        "p95": 8.46321497192548e-05,
        "p99": 0.000100568599800681,
        "p99.9": 0.0001060841368907859
      }
    },
    "throughput": {
      "input_tokens_per_sec": 4183.909055359042,
      "output_tokens_per_sec": 8.018063499164928,
      "total_tokens_per_sec": 4191.927118858208,
      "requests_per_sec": 4.009031749582464
    },
    "prompt_len": {
      "mean": 1043.6208333333334,
      "min": 518.0,
      "max": 1547.0,
      "p0.1": 521.107,
      "p1": 616.33,
      "p5": 738.55,
      "p10": 804.0,
      "p25": 888.5,
      "median": 1026.5,
      "p75": 1189.75,
      "p90": 1324.4,
      "p95": 1382.5499999999997,
      "p99": 1481.3699999999997,
      "p99.9": 1545.0880000000002
    },
    "output_len": {
      "mean": 2.0,
      "min": 2.0,
      "max": 2.0,
      "p0.1": 2.0,
      "p1": 2.0,
      "p5": 2.0,
      "p10": 2.0,
      "p25": 2.0,
      "median": 2.0,
      "p75": 2.0,
      "p90": 2.0,
      "p95": 2.0,
      "p99": 2.0,
      "p99.9": 2.0
    }
  },
  "failures": {
    "count": 0,
    "request_latency": null,
    "prompt_len": null
  }
}