{
  "load_summary": {
    "count": 60,
    "schedule_delay": {
      "mean": 0.00040424395692753026,
      "min": -0.0016692956592123664,
      "max": 0.00259294197348936,
      "p0.1": -0.001645647675876262,
      "p1": -0.0014328158258513214,
      "p5": -0.0009685282195505352,
      "p10": -0.0007548858052814466,
      "p25": -3.725272586052597e-05,
      "median": 0.0004235309468185733,
      "p75": 0.0009070030538396168,
      "p90": 0.0014200634213466401,
      "p95": 0.0016394520572248431,
      "p99": 0.0023216200781871507,
      "p99.9": 0.0025658097839591438
    },
    "send_duration": 56.66121131399996,
    "requested_rate": 1.0,
    "achieved_rate": 1.0589254731512436
  },
  "successes": {
    "count": 60,
    "latency": {
      "request_latency": {
        "mean": 0.034383646983330136,
        "min": 0.020764299999882496,
        "max": 0.07766355200010366,
        "p0.1": 0.02092062468890299,
        "p1": 0.022327546890087435,
        "p5": 0.025022492650191453,
        "p10": 0.02678511540020736,
        "p25": 0.029047944249896318,
        "median": 0.0335144924999895,
        "p75": 0.03771085200003199,
        "p90": 0.042413837300091475,
        "p95": 0.04430571965006038,
        "p99": 0.06070097293989865,
        "p99.9": 0.07596729409408345
      },
      "normalized_time_per_output_token": {
        "mean": 0.017191823491665068,
        "min": 0.010382149999941248,
        "max": 0.03883177600005183,
        "p0.1": 0.010460312344451494,
        "p1": 0.011163773445043717,
        "p5": 0.012511246325095727,
        "p10": 0.01339255770010368,
        "p25": 0.014523972124948159,
        "median": 0.01675724624999475,
        "p75": 0.018855426000015996,
        "p90": 0.021206918650045738,
        "p95": 0.02215285982503019,
        "p99": 0.030350486469949325,
        "p99.9": 0.03798364704704173
      },
      "time_per_output_token": {
        "mean": 7.467374999426586e-05,
        "min": 3.4359999972366495e-05,
        "max": 0.0001714509999146685,
        "p0.1": 3.450667397737561e-05,
        "p1": 3.582674002245767e-05,
        "p5": 3.7440650089592964e-05,
        "p10": 3.927389980162843e-05,
        "p25": 5.3249999837134965e-05,
        "median": 6.886549999762792e-05,
        "p75": 8.67757499918298e-05,
        "p90": 0.00011874679989887227,
        "p95": 0.00012421404987890118,
        "p99": 0.00016735344978314969,
        "p99.9": 0.0001710412449015167
      },
      "time_to_first_token": {
        "mean": 0.028958010033367523,
        "min": 0.01778579699976035,
        "max": 0.06961835800029803,
        "p0.1": 0.017879012751784558,
        "p1": 0.01871795452000242,
        "p5": 0.021419308899930913,
        "p10": 0.02337061770017499,
        "p25": 0.02516842475017711,
        "median": 0.02828064649997941,
        "p75": 0.031282106750154526,
        "p90": 0.0344475439001144,
        "p95": 0.036297466850146516,
        "p99": 0.051067430499997395,
        "p99.9": 0.06776326525026828
      },
      "inter_token_latency": {
        "mean": 7.467374999426586e-05,
        "min": 3.4359999972366495e-05,
        "max": 0.0001714509999146685,
        "p0.1": 3.450667397737561e-05,
        "p1": 3.582674002245767e-05,
        "p5": 3.7440650089592964e-05,
        "p10": 3.927389980162843e-05,
        "p25": 5.3249999837134965e-05,
        "median": 6.886549999762792e-05,
        "p75": 8.67757499918298e-05,
        "p90": 0.00011874679989887227,
        "p95": 0.00012421404987890118,
        "p99": 0.00016735344978314969,
        "p99.9": 0.0001710412449015167
      }
    },
    "throughput": {
      "input_tokens_per_sec": 1113.5457739786743,
      "output_tokens_per_sec": 2.1165712523948006,
      "total_tokens_per_sec": 1115.6623452310691,
      "requests_per_sec": 1.0582856261974003
    },
    "prompt_len": {
      "mean": 1052.2166666666667,
      "min": 645.0,
      "max": 1488.0,
      "p0.1": 653.437,
      "p1": 729.37,
      "p5": 803.75,
      "p10": 814.7,
      "p25": 879.75,
      "median": 1024.0,
      "p75": 1192.25,
      "p90": 1309.2,
      "p95": 1403.55,
      "p99": 1470.8899999999999,
      "p99.9": 1486.2890000000002
    },
    "output_len": {
      "mean": 2.0,
      "min": 2.0,
      "max": 2.0,
      "p0.1": 2.0,
      "p1": 2.0,
      "p5": 2.0,
      "p10": 2.0,
      "p25": 2.0,
      "median": 2.0,
      "p75": 2.0,
      "p90": 2.0,
      "p95": 2.0,
      "p99": 2.0,
      "p99.9": 2.0
    }
  },
  "failures": {
    "count": 0,
    "request_latency": null,
    "prompt_len": null
  }
}