{
  "load_summary": {
    "count": 420,
    "schedule_delay": {
      "mean": 0.0003191785262212458,
      "min": -0.0016692956592123664,
      "max": 0.00259294197348936,
      "p0.1": -0.0015013548961983361,
      "p1": -0.001132105946376214,
      "p5": -0.0006184852007208974,
      "p10": -0.00042765866310219276,
      "p25": -5.372968462324934e-05,
      "median": 0.0002951035710339056,
      "p75": 0.0007442861311801607,
      "p90": 0.0011078529628321123,
      "p95": 0.0012919318591229961,
      "p99": 0.0016870341493086017,
      "p99.9": 0.002400257441062911
    }
  },
  "successes": {
    "count": 420,
    "latency": {
      "request_latency": {
        "mean": 0.03120536288095298,
        "min": 0.018942709999919316,
        "max": 0.1459006700001737,
        "p0.1": 0.0194483545908156,
        "p1": 0.02079465287995845,
        "p5": 0.022973454250018222,
        "p10": 0.024222057500082883,
        "p25": 0.026790107750230163,
        "median": 0.030544577499995285,
        "p75": 0.033868506000203524,
        "p90": 0.03748219789990799,
        "p95": 0.03959545225000055,
        "p99": 0.044467883130023436,
        "p99.9": 0.13139584657700817
      },
      "normalized_time_per_output_token": {
        "mean": 0.01560268144047649,
        "min": 0.009471354999959658,
        "max": 0.07295033500008685,
        "p0.1": 0.0097241772954078,
        "p1": 0.010397326439979225,
        "p5": 0.011486727125009111,
        "p10": 0.012111028750041442,
        "p25": 0.013395053875115082,
        "median": 0.015272288749997642,
        "p75": 0.016934253000101762,
        "p90": 0.018741098949953995,
        "p95": 0.019797726125000276,
        "p99": 0.022233941565011718,
        "p99.9": 0.06569792328850409
      },
      "time_per_output_token": {
        "mean": 6.18129523651251e-05,
        "min": 3.4359999972366495e-05,
        "max": 0.0001767900002960232,
        "p0.1": 3.442536404327257e-05,
        "p1": 3.67414999709581e-05,
        "p5": 3.955079994284461e-05,
        "p10": 4.40431000697572e-05,
        "p25": 4.978974982350337e-05,
        "median": 5.914749999647029e-05,
        "p75": 6.958525000300142e-05,
        "p90": 8.063669984039735e-05,
        "p95": 9.117779995904128e-05,
        "p99": 0.00012222914991070867,
        "p99.9": 0.00017455295913623597
      },
      "time_to_first_token": {
        "mean": 0.027468503926200226,
        "min": 0.015212496000003739,
        "max": 0.14299044900008084,
        "p0.1": 0.0161411546108352,
        "p1": 0.01758916463991682,
        "p5": 0.019682431849855676,
        "p10": 0.020655429899852605,
        "p25": 0.023400929249987712,
        "median": 0.026882032499997877,
        "p75": 0.030074418000140213,
        "p90": 0.033382931099959025,
        "p95": 0.03525131535025138,
        "p99": 0.03816357008984141,
        "p99.9": 0.1279931166360074
      },
      "inter_token_latency": {
        "mean": 6.18129523651251e-05,
        "min": 3.4359999972366495e-05,
        "max": 0.0001767900002960232,
        "p0.1": 3.442536404327257e-05,
        "p1": 3.67414999709581e-05,
        "p5": 3.955079994284461e-05,
        "p10": 4.40431000697572e-05,
        "p25": 4.978974982350337e-05,
        "median": 5.914749999647029e-05,
        "p75": 6.958525000300142e-05,
        "p90": 8.063669984039735e-05,
        "p95": 9.117779995904128e-05,
        "p99": 0.00012222914991070867,
        "p99.9": 0.00017455295913623597
      }
    },
    "throughput": {
      "input_tokens_per_sec": 2100.823373250759,
      "output_tokens_per_sec": 4.022345889949984,
      "total_tokens_per_sec": 2104.8457191407088,
      "requests_per_sec": 2.011172944974992
    },
    "prompt_len": {
      "mean": 1044.5761904761905,
      "min": 518.0,
      "max": 1547.0,
      "p0.1": 518.0,
      "p1": 645.0,
      "p5": 760.9,
      "p10": 807.8,
      "p25": 885.5,
      "median": 1025.0,
      "p75": 1188.0,
      "p90": 1324.0,
      "p95": 1402.0,
      "p99": 1488.0,
      "p99.9": 1547.0
    },
    "output_len": {
      "mean": 2.0,
      "min": 2.0,
      "max": 2.0,
      "p0.1": 2.0,
      "p1": 2.0,
      "p5": 2.0,
      "p10": 2.0,
      "p25": 2.0,
      "median": 2.0,
      "p75": 2.0,
      "p90": 2.0,
      "p95": 2.0,
      "p99": 2.0,
      "p99.9": 2.0
    }
  },
  "failures": {
    "count": 0,
    "request_latency": null,
    "prompt_len": null
  }
}