{
  "load_summary": {
    "count": 60,
    "schedule_delay": {
      "mean": 0.0006842496341657049,
      "min": -0.0004074362723258673,
      "max": 0.00205571365859214,
      "p0.1": -0.00039133183767899027,
      "p1": -0.0002463919258570968,
      "p5": -5.4278017341857765e-05,
      "p10": 1.4494240804197041e-05,
      "p25": 0.00019811867787211668,
      "median": 0.0005984329682178213,
      "p75": 0.001181814930987457,
      "p90": 0.0015350693979598873,
      "p95": 0.0016134049094489453,
      "p99": 0.0018319272447843093,
      "p99.9": 0.0020333350172113606
    },
    "send_duration": 59.54083526999966,
    "requested_rate": 1.0,
    "achieved_rate": 1.0077117616492641
  },
  "successes": {
    "count": 60,
    "latency": {
      "request_latency": {
        "mean": 0.03581309185001373,
        "min": 0.019155205999595637,
        "max": 0.42837225099992793,
        "p0.1": 0.01917946190260227,
        "p1": 0.019397765029661968,
        "p5": 0.01985493705024055,
        "p10": 0.019964931199592684,
        "p25": 0.020558711999910884,
        "median": 0.021510011999907874,
        "p75": 0.02742949774983572,
        "p90": 0.02942971810052768,
        "p95": 0.039946212449740184,
        "p99": 0.3474881462299886,
        "p99.9": 0.4202838405229354
      },
      "normalized_time_per_output_token": {
        "mean": 0.017906545925006866,
        "min": 0.009577602999797818,
        "max": 0.21418612549996396,
        "p0.1": 0.009589730951301135,
        "p1": 0.009698882514830984,
        "p5": 0.009927468525120275,
        "p10": 0.009982465599796342,
        "p25": 0.010279355999955442,
        "median": 0.010755005999953937,
        "p75": 0.01371474887491786,
        "p90": 0.01471485905026384,
        "p95": 0.019973106224870092,
        "p99": 0.1737440731149943,
        "p99.9": 0.2101419202614677
      },
      "time_per_output_token": {
        "mean": 4.3331350025255236e-05,
        "min": 2.5555000320309773e-05,
        "max": 0.00014110099982644897,
        "p0.1": 2.5559130276633367e-05,
        "p1": 2.5596299883545727e-05,
        "p5": 2.5961799929064e-05,
        "p10": 2.6166700172325365e-05,
        "p25": 2.752899990809965e-05,
        "median": 2.9457999971782556e-05,
        "p75": 7.157374989219534e-05,
        "p90": 7.71407998399809e-05,
        "p95": 8.089385041785135e-05,
        "p99": 0.00010911945998486753,
        "p99.9": 0.00013790284584229136
      },
      "time_to_first_token": {
        "mean": 0.030932119149974825,
        "min": 0.01581673599957867,
        "max": 0.4196734439992724,
        "p0.1": 0.01585082566858273,
        "p1": 0.016157632689619277,
        "p5": 0.01689334989987401,
        "p10": 0.017184095699303726,
        "p25": 0.017558519499971226,
        "median": 0.01799851750001835,
        "p75": 0.019042926750444167,
        "p90": 0.01991625170021507,
        "p95": 0.030219849499962703,
        "p99": 0.3392083837792957,
        "p99.9": 0.4116269379772761
      },
      "inter_token_latency": {
        "mean": 4.3331350025255236e-05,
        "min": 2.5555000320309773e-05,
        "max": 0.00014110099982644897,
        "p0.1": 2.5559130276633367e-05,
        "p1": 2.5596299883545727e-05,
        "p5": 2.5961799929064e-05,
        "p10": 2.6166700172325365e-05,
        "p25": 2.752899990809965e-05,
        "median": 2.9457999971782556e-05,
        "p75": 7.157374989219534e-05,
        "p90": 7.71407998399809e-05,
        "p95": 8.089385041785135e-05,
        "p99": 0.00010911945998486753,
        "p99.9": 0.00013790284584229136
      }
    },
    "throughput": {
      "input_tokens_per_sec": 1011.1018924494231,
      "output_tokens_per_sec": 2.0147492128114437,
      "total_tokens_per_sec": 1013.1166416622345,
      "requests_per_sec": 1.0073746064057219
    },
    "prompt_len": {
      "mean": 1003.7,
      "min": 693.0,
      "max": 1303.0,
      "p0.1": 697.602,
      "p1": 739.02,
      "p5": 776.9,
      "p10": 810.9,
      "p25": 894.0,
      "median": 992.5,
      "p75": 1091.75,
      "p90": 1239.9,
      "p95": 1272.25,
      "p99": 1297.69,
      "p99.9": 1302.469
    },
    "output_len": {
      "mean": 2.0,
      "min": 2.0,
      "max": 2.0,
      "p0.1": 2.0,
      "p1": 2.0,
      "p5": 2.0,
      "p10": 2.0,
      "p25": 2.0,
      "median": 2.0,
      "p75": 2.0,
      "p90": 2.0,
      "p95": 2.0,
      "p99": 2.0,
      "p99.9": 2.0
    }
  },
  "failures": {
    "count": 0,
    "request_latency": null,
    "prompt_len": null
  }
}