{
  "load_summary": {
    "count": 120,
    "schedule_delay": {
      "mean": 4.860798586984553e-05,
      "min": -0.0019499993813951733,
      "max": 0.0018711868642640184,
      "p0.1": -0.0018959750077665377,
      "p1": -0.0014520727428953251,
      "p5": -0.0009132419023444527,
      "p10": -0.0007430634515912971,
      "p25": -0.00045243181511978037,
      "median": 3.332220740048797e-05,
      "p75": 0.0003807943103311118,
      "p90": 0.0011094526044871601,
      "p95": 0.0012310199957937583,
      "p99": 0.0016121523928813986,
      "p99.9": 0.0018411931949885948
    },
    "send_duration": 59.451136865999615,
    "requested_rate": 2.0,
    "achieved_rate": 2.0184643444325547
  },
  "successes": {
    "count": 120,
    "latency": {
      "request_latency": {
        "mean": 0.02131677111666856,
        "min": 0.018519255000683188,
        "max": 0.026173016000029747,
        "p0.1": 0.018587835533610816,
        "p1": 0.019097330520035028,
        "p5": 0.019382235249167934,
        "p10": 0.01971169100015686,
        "p25": 0.020451021249527912,
        "median": 0.021107505499912804,
        "p75": 0.021997546000193324,
        "p90": 0.023106142000142427,
        "p95": 0.02407283749939779,
        "p99": 0.025701529950374606,
        "p99.9": 0.02612535614307945
      },
      "normalized_time_per_output_token": {
        "mean": 0.01065838555833428,
        "min": 0.009259627500341594,
        "max": 0.013086508000014874,
        "p0.1": 0.009293917766805408,
        "p1": 0.009548665260017514,
        "p5": 0.009691117624583967,
        "p10": 0.00985584550007843,
        "p25": 0.010225510624763956,
        "median": 0.010553752749956402,
        "p75": 0.010998773000096662,
        "p90": 0.011553071000071214,
        "p95": 0.012036418749698895,
        "p99": 0.012850764975187303,
        "p99.9": 0.013062678071539725
      },
      "time_per_output_token": {
        "mean": 3.700226657959623e-05,
        "min": 2.6962999982060865e-05,
        "max": 0.00042414499966980657,
        "p0.1": 2.697870803240221e-05,
        "p1": 2.710203041715431e-05,
        "p5": 2.7614999862635158e-05,
        "p10": 2.8002399449178484e-05,
        "p25": 2.9776499559375225e-05,
        "median": 3.204750009899726e-05,
        "p75": 3.753599980882427e-05,
        "p90": 4.1866400351864286e-05,
        "p95": 4.5839049289497776e-05,
        "p99": 5.6242100072267945e-05,
        "p99.9": 0.0003804710477224997
      },
      "time_to_first_token": {
        "mean": 0.01817648978340003,
        "min": 0.01610798599995178,
        "max": 0.022263833000579325,
        "p0.1": 0.016151016161997177,
        "p1": 0.01648080996033059,
        "p5": 0.01685935534969758,
        "p10": 0.017058811099468586,
        "p25": 0.017554600500261586,
        "median": 0.01796460900004604,
        "p75": 0.018603208249714953,
        "p90": 0.019006250099482716,
        "p95": 0.020476098799554164,
        "p99": 0.02221400612979778,
        "p99.9": 0.022262874931483566
      },
      "inter_token_latency": {
        "mean": 3.700226657959623e-05,
        "min": 2.6962999982060865e-05,
        "max": 0.00042414499966980657,
        "p0.1": 2.697870803240221e-05,
        "p1": 2.710203041715431e-05,
        "p5": 2.7614999862635158e-05,
        "p10": 2.8002399449178484e-05,
        "p25": 2.9776499559375225e-05,
        "median": 3.204750009899726e-05,
        "p75": 3.753599980882427e-05,
        "p90": 4.1866400351864286e-05,
        "p95": 4.5839049289497776e-05,
        "p99": 5.6242100072267945e-05,
        "p99.9": 0.0003804710477224997
      }
    },
    "throughput": {
      "input_tokens_per_sec": 2053.537611887521,
      "output_tokens_per_sec": 4.035611274129008,
      "total_tokens_per_sec": 2057.57322316165,
      "requests_per_sec": 2.017805637064504
    },
    "prompt_len": {
      "mean": 1017.7083333333334,
      "min": 618.0,
      "max": 1483.0,
      "p0.1": 626.925,
      "p1": 694.9,
      "p5": 763.65,
      "p10": 800.8,
      "p25": 904.75,
      "median": 989.5,
      "p75": 1121.0,
      "p90": 1270.2,
      "p95": 1316.8,
      "p99": 1376.81,
      "p99.9": 1470.3860000000016
    },
    "output_len": {
      "mean": 2.0,
      "min": 2.0,
      "max": 2.0,
      "p0.1": 2.0,
      "p1": 2.0,
      "p5": 2.0,
      "p10": 2.0,
      "p25": 2.0,
      "median": 2.0,
      "p75": 2.0,
      "p90": 2.0,
      "p95": 2.0,
      "p99": 2.0,
      "p99.9": 2.0
    }
  },
  "failures": {
    "count": 0,
    "request_latency": null,
    "prompt_len": null
  }
}