{
  "load_summary": {
    "count": 240,
    "schedule_delay": {
      "mean": 0.00029521974664324565,
      "min": -0.001343714559880027,
      "max": 0.0017819403346948093,
      "p0.1": -0.0013207282209759797,
      "p1": -0.001110752561926347,
      "p5": -0.000821631883354712,
      "p10": -0.00047877057650111963,
      "p25": -8.463504218525486e-05,
      "median": 0.00031684591249359073,
      "p75": 0.0007005441520959721,
      "p90": 0.0010815722443112462,
      "p95": 0.0012970783650416704,
      "p99": 0.001534911489998193,
      "p99.9": 0.00176867740830494
    },
    "send_duration": 59.70741011799964,
    "requested_rate": 4.0,
    "achieved_rate": 4.019601579195756
  },
  "successes": {
    "count": 240,
    "latency": {
      "request_latency": {
        "mean": 0.02071187189584028,
        "min": 0.017762812999535527,
        "max": 0.03374288900067768,
        "p0.1": 0.01781569915864293,
        "p1": 0.01834281077012747,
        "p5": 0.0190458273002605,
        "p10": 0.019266608099496808,
        "p25": 0.019834079000247584,
        "median": 0.020485396499680064,
        "p75": 0.021374156249976295,
        "p90": 0.02201680340040184,
        "p95": 0.022705330800226874,
        "p99": 0.02637960750948872,
        "p99.9": 0.033327338027633276
      },
      "normalized_time_per_output_token": {
        "mean": 0.01035593594792014,
        "min": 0.008881406499767763,
        "max": 0.01687144450033884,
        "p0.1": 0.008907849579321465,
        "p1": 0.009171405385063735,
        "p5": 0.00952291365013025,
        "p10": 0.009633304049748404,
        "p25": 0.009917039500123792,
        "median": 0.010242698249840032,
        "p75": 0.010687078124988147,
        "p90": 0.01100840170020092,
        "p95": 0.011352665400113437,
        "p99": 0.01318980375474436,
        "p99.9": 0.016663669013816638
      },
      "time_per_output_token": {
        "mean": 3.517564585232928e-05,
        "min": 2.480000057403231e-05,
        "max": 6.663099975412479e-05,
        "p0.1": 2.5058598447685653e-05,
        "p1": 2.5958450123653165e-05,
        "p5": 2.766729935501644e-05,
        "p10": 2.877870028896723e-05,
        "p25": 3.1174499781627674e-05,
        "median": 3.492899986667908e-05,
        "p75": 3.779075018428557e-05,
        "p90": 4.148760017415043e-05,
        "p95": 4.527170062829098e-05,
        "p99": 5.3502969749388264e-05,
        "p99.9": 6.57471777540196e-05
      },
      "time_to_first_token": {
        "mean": 0.017668566724989888,
        "min": 0.01536043900068762,
        "max": 0.030735385000298265,
        "p0.1": 0.015373803402426348,
        "p1": 0.0157152138901165,
        "p5": 0.01636457640001936,
        "p10": 0.016564758900312882,
        "p25": 0.017043077750031443,
        "median": 0.017527037500258302,
        "p75": 0.017952788750335458,
        "p90": 0.018441940100001376,
        "p95": 0.0193782736500907,
        "p99": 0.021984551989717122,
        "p99.9": 0.03031062248928815
      },
      "inter_token_latency": {
        "mean": 3.517564585232928e-05,
        "min": 2.480000057403231e-05,
        "max": 6.663099975412479e-05,
        "p0.1": 2.5058598447685653e-05,
        "p1": 2.5958450123653165e-05,
        "p5": 2.766729935501644e-05,
        "p10": 2.877870028896723e-05,
        "p25": 3.1174499781627674e-05,
        "median": 3.492899986667908e-05,
        "p75": 3.779075018428557e-05,
        "p90": 4.148760017415043e-05,
        "p95": 4.527170062829098e-05,
        "p99": 5.3502969749388264e-05,
        "p99.9": 6.57471777540196e-05
      }
    },
    "throughput": {
      "input_tokens_per_sec": 4128.869840518806,
      "output_tokens_per_sec": 8.036305967037531,
      "total_tokens_per_sec": 4136.906146485843,
      "requests_per_sec": 4.018152983518766
    },
    "prompt_len": {
      "mean": 1027.5541666666666,
      "min": 564.0,
      "max": 1765.0,
      "p0.1": 576.906,
      "p1": 644.87,
      "p5": 762.7,
      "p10": 810.3000000000001,
      "p25": 907.25,
      "median": 1009.0,
      "p75": 1136.0,
      "p90": 1280.1,
      "p95": 1332.1999999999998,
      "p99": 1444.599999999999,
      "p99.9": 1697.6020000000067
    },
    "output_len": {
      "mean": 2.0,
      "min": 2.0,
      "max": 2.0,
      "p0.1": 2.0,
      "p1": 2.0,
      "p5": 2.0,
      "p10": 2.0,
      "p25": 2.0,
      "median": 2.0,
      "p75": 2.0,
      "p90": 2.0,
      "p95": 2.0,
      "p99": 2.0,
      "p99.9": 2.0
    }
  },
  "failures": {
    "count": 0,
    "request_latency": null,
    "prompt_len": null
  }
}