{
  "load_summary": {
    "count": 420,
    "schedule_delay": {
      "mean": 0.0002803349417826255,
      "min": -0.0019499993813951733,
      "max": 0.00205571365859214,
      "p0.1": -0.001759779107862414,
      "p1": -0.0012342232188075285,
      "p5": -0.000821631883354712,
      "p10": -0.0005468240838126803,
      "p25": -0.00014871385837977869,
      "median": 0.0002725359554460738,
      "p75": 0.0007091810837209778,
      "p90": 0.0011628412554273383,
      "p95": 0.001372994249277326,
      "p99": 0.0016729388888597897,
      "p99.9": 0.001978396931768671
    }
  },
  "successes": {
    "count": 420,
    "latency": {
      "request_latency": {
        "mean": 0.023042017380958853,
        "min": 0.017762812999535527,
        "max": 0.42837225099992793,
        "p0.1": 0.017855529738723817,
        "p1": 0.0184891427202092,
        "p5": 0.01914708515055281,
        "p10": 0.01940794520032796,
        "p25": 0.02007546299932983,
        "median": 0.020789445500213333,
        "p75": 0.021706441500100482,
        "p90": 0.022989180900276553,
        "p95": 0.025789429100404944,
        "p99": 0.03341253467064235,
        "p99.9": 0.3709308274429815
      },
      "normalized_time_per_output_token": {
        "mean": 0.011521008690479426,
        "min": 0.008881406499767763,
        "max": 0.21418612549996396,
        "p0.1": 0.008927764869361908,
        "p1": 0.0092445713601046,
        "p5": 0.009573542575276405,
        "p10": 0.00970397260016398,
        "p25": 0.010037731499664915,
        "median": 0.010394722750106666,
        "p75": 0.010853220750050241,
        "p90": 0.011494590450138276,
        "p95": 0.012894714550202472,
        "p99": 0.016706267335321174,
        "p99.9": 0.18546541372149075
      },
      "time_per_output_token": {
        "mean": 3.6862638084823545e-05,
        "min": 2.480000057403231e-05,
        "max": 0.00042414499966980657,
        "p0.1": 2.5116345467722566e-05,
        "p1": 2.5885040013235994e-05,
        "p5": 2.7088400383945554e-05,
        "p10": 2.7839299764309545e-05,
        "p25": 2.9844499522369006e-05,
        "median": 3.402149968678714e-05,
        "p75": 3.78957499833632e-05,
        "p90": 4.3706299948098604e-05,
        "p95": 5.2787849926971774e-05,
        "p99": 8.066134040745965e-05,
        "p99.9": 0.0003055495637354607
      },
      "time_to_first_token": {
        "mean": 0.019708480802390634,
        "min": 0.01536043900068762,
        "max": 0.4196734439992724,
        "p0.1": 0.015383868642229572,
        "p1": 0.015827628319648283,
        "p5": 0.016469303350277187,
        "p10": 0.01676867320002202,
        "p25": 0.017282435499964777,
        "median": 0.01771935199985819,
        "p75": 0.01821931200038307,
        "p90": 0.019003546800286132,
        "p95": 0.020106531549708963,
        "p99": 0.028379470100198895,
        "p99.9": 0.36252961309729936
      },
      "inter_token_latency": {
        "mean": 3.6862638084823545e-05,
        "min": 2.480000057403231e-05,
        "max": 0.00042414499966980657,
        "p0.1": 2.5116345467722566e-05,
        "p1": 2.5885040013235994e-05,
        "p5": 2.7088400383945554e-05,
        "p10": 2.7839299764309545e-05,
        "p25": 2.9844499522369006e-05,
        "median": 3.402149968678714e-05,
        "p75": 3.78957499833632e-05,
        "p90": 4.3706299948098604e-05,
        "p95": 5.2787849926971774e-05,
        "p99": 8.066134040745965e-05,
        "p99.9": 0.0003055495637354607
      }
    },
    "throughput": {
      "input_tokens_per_sec": 2026.212351401018,
      "output_tokens_per_sec": 3.9677787560072155,
      "total_tokens_per_sec": 2030.1801301570251,
      "requests_per_sec": 1.9838893780036078
    },
    "prompt_len": {
      "mean": 1021.3333333333334,
      "min": 564.0,
      "max": 1765.0,
      "p0.1": 586.626,
      "p1": 665.19,
      "p5": 764.0,
      "p10": 803.8,
      "p25": 904.75,
      "median": 1001.0,
      "p75": 1127.0,
      "p90": 1272.0,
      "p95": 1319.0,
      "p99": 1402.49,
      "p99.9": 1646.842000000021
    },
    "output_len": {
      "mean": 2.0,
      "min": 2.0,
      "max": 2.0,
      "p0.1": 2.0,
      "p1": 2.0,
      "p5": 2.0,
      "p10": 2.0,
      "p25": 2.0,
      "median": 2.0,
      "p75": 2.0,
      "p90": 2.0,
      "p95": 2.0,
      "p99": 2.0,
      "p99.9": 2.0
    }
  },
  "failures": {
    "count": 0,
    "request_latency": null,
    "prompt_len": null
  }
}