{
  "load_summary": {
    "count": 30,
    "schedule_delay": {
      "mean": 0.000883037109815632,
      "min": -0.0009376001817145152,
      "max": 0.0028272253166505834,
      "p0.1": -0.0009332326857384032,
      "p1": -0.0008939252219533955,
      "p5": -0.0006392698052877676,
      "p10": -0.0002594466403024852,
      "p25": 0.0002031914955296088,
      "median": 0.0009160332529063453,
      "p75": 0.0013831370192747272,
      "p90": 0.0017683398789813513,
      "p95": 0.002184262866012431,
      "p99": 0.0026913119552409628,
      "p99.9": 0.002813633980509623
    }
  },
  "successes": {
    "count": 30,
    "latency": {
      "request_latency": {
        "mean": 0.278741271466788,
        "min": 0.2133156109994161,
        "max": 0.8371070850007527,
        "p0.1": 0.21357053465841272,
        "p1": 0.2158648475893824,
        "p5": 0.22267618024989133,
        "p10": 0.2312661587009643,
        "p25": 0.2369502145002116,
        "median": 0.26065820550047647,
        "p75": 0.2783905705005054,
        "p90": 0.2993003565999971,
        "p95": 0.3281606769499376,
        "p99": 0.690116427850608,
        "p99.9": 0.82240801928574
      },
      "normalized_time_per_output_token": {
        "mean": 0.009134266355474405,
        "min": 0.006881148741916648,
        "max": 0.02700345435486299,
        "p0.1": 0.006889372085755249,
        "p1": 0.006963382180302658,
        "p5": 0.007310412132260207,
        "p10": 0.0074897359161050486,
        "p25": 0.00772147412097242,
        "median": 0.008470056503534072,
        "p75": 0.008984969637118234,
        "p90": 0.010518664641923322,
        "p95": 0.011259905942041811,
        "p99": 0.02258182945669895,
        "p99.9": 0.02656129186504664
      },
      "time_per_output_token": null,
      "time_to_first_token": null,
      "inter_token_latency": null
    },
    "throughput": {
      "input_tokens_per_sec": 1550.8305577196684,
      "output_tokens_per_sec": 31.903236463733695,
      "total_tokens_per_sec": 1582.733794183402,
      "requests_per_sec": 1.041454944409152
    },
    "prompt_len": {
      "mean": 1489.1,
      "min": 73.0,
      "max": 2967.0,
      "p0.1": 73.464,
      "p1": 77.64,
      "p5": 162.8,
      "p10": 437.50000000000006,
      "p25": 848.0,
      "median": 1660.0,
      "p75": 2077.25,
      "p90": 2293.3,
      "p95": 2349.35,
      "p99": 2800.5400000000004,
      "p99.9": 2950.354000000002
    },
    "output_len": {
      "mean": 30.633333333333333,
      "min": 19.0,
      "max": 32.0,
      "p0.1": 19.348,
      "p1": 22.48,
      "p5": 31.0,
      "p10": 31.0,
      "p25": 31.0,
      "median": 31.0,
      "p75": 31.0,
      "p90": 31.0,
      "p95": 31.0,
      "p99": 31.71,
      "p99.9": 31.971000000000004
    }
  },
  "failures": {
    "count": 0,
    "request_latency": null,
    "prompt_len": null
  }
}