{
  "load_summary": {
    "count": 120,
    "schedule_delay": {
      "mean": 0.0004592255981682077,
      "min": -0.0011838560390060593,
      "max": 0.004015386281025712,
      "p0.1": -0.0011575204823370767,
      "p1": -0.0009529334722537897,
      "p5": -0.0005018484722086214,
      "p10": -0.00039501653932347833,
      "p25": 1.955588788860041e-05,
      "median": 0.000491597689460832,
      "p75": 0.0008699808334995396,
      "p90": 0.0011000015588251701,
      "p95": 0.0014268089873212375,
      "p99": 0.0024749897695755868,
      "p99.9": 0.0038364070182929245
    },
    "send_duration": 59.36638852099986,
    "requested_rate": 2.0,
    "achieved_rate": 2.0213457983476966
  },
  "successes": {
    "count": 120,
    "latency": {
      "request_latency": {
        "mean": 4.5050918842333205,
        "min": 2.1736980589998893,
        "max": 8.786481974000253,
        "p0.1": 2.175520096083876,
        "p1": 2.1900825764998535,
        "p5": 2.2165632099500727,
        "p10": 2.262930355299659,
        "p25": 3.136253948500098,
        "median": 4.475704432500152,
        "p75": 5.648136751750144,
        "p90": 6.624276872699693,
        "p95": 7.218413608099876,
        "p99": 8.59425148196982,
        "p99.9": 8.779183852750196
      },
      "normalized_time_per_output_token": {
        "mean": 0.00795174334336785,
        "min": 0.0,
        "max": 0.010292775231914192,
        "p0.1": 0.0,
        "p1": 0.0,
        "p5": 0.0,
        "p10": 0.008033324174307336,
        "p25": 0.008499938741730183,
        "median": 0.008589044878764092,
        "p75": 0.00877061080429472,
        "p90": 0.009327756964231656,
        "p95": 0.009682115909043694,
        "p99": 0.009987143132747869,
        "p99.9": 0.01025772040093025
      },
      "time_per_output_token": {
        "mean": 0.008555349528731493,
        "min": 0.007940692323964577,
        "max": 0.009010414754097987,
        "p0.1": 0.007948051662594149,
        "p1": 0.008062597030446336,
        "p5": 0.008394407554510463,
        "p10": 0.008431126081362756,
        "p25": 0.008479980308306455,
        "median": 0.008530140278284302,
        "p75": 0.008600454860322692,
        "p90": 0.00873136949462573,
        "p95": 0.008803174653747142,
        "p99": 0.008878318510804983,
        "p99.9": 0.008995062840200263
      },
      "time_to_first_token": {
        "mean": 0.026551741791653663,
        "min": 0.019272597000053793,
        "max": 0.13207213300029252,
        "p0.1": 0.019300897223023184,
        "p1": 0.01951411044984525,
        "p5": 0.020818532449879967,
        "p10": 0.021692616799919053,
        "p25": 0.02318569449982988,
        "median": 0.026080653999997594,
        "p75": 0.02783394599998701,
        "p90": 0.02961440790013512,
        "p95": 0.030345398600115914,
        "p99": 0.033254691060255935,
        "p99.9": 0.12033249252129241
      },
      "inter_token_latency": {
        "mean": 0.008550974059873293,
        "min": 2.9866000204492593e-05,
        "max": 0.11373887900026602,
        "p0.1": 0.00014097587010610367,
        "p1": 0.005778077799982384,
        "p5": 0.006107090500222512,
        "p10": 0.006490725000048769,
        "p25": 0.007059165250097976,
        "median": 0.0073224749999099,
        "p75": 0.010573297499945511,
        "p90": 0.011311913999861645,
        "p95": 0.011481728000148905,
        "p99": 0.016876998499901673,
        "p99.9": 0.018621922135225823
      }
    },
    "throughput": {
      "input_tokens_per_sec": 6.526383502504448,
      "output_tokens_per_sec": 870.0534151230327,
      "total_tokens_per_sec": 876.5797986255371,
      "requests_per_sec": 1.887147036868756
    },
    "prompt_len": {
      "mean": 3.4583333333333335,
      "min": 2.0,
      "max": 5.0,
      "p0.1": 2.0,
      "p1": 2.0,
      "p5": 2.0,
      "p10": 2.0,
      "p25": 2.0,
      "median": 2.0,
      "p75": 5.0,
      "p90": 5.0,
      "p95": 5.0,
      "p99": 5.0,
      "p99.9": 5.0
    },
    "output_len": {
      "mean": 461.0416666666667,
      "min": 0.0,
      "max": 938.0,
      "p0.1": 0.0,
      "p1": 0.0,
      "p5": 0.0,
      "p10": 244.5,
      "p25": 330.0,
      "median": 458.5,
      "p75": 633.75,
      "p90": 704.3000000000002,
      "p95": 786.8499999999998,
      "p99": 914.3600000000001,
      "p99.9": 936.4530000000002
    }
  },
  "failures": {
    "count": 0,
    "request_latency": null,
    "prompt_len": null
  }
}