{
  "load_summary": {
    "count": 60,
    "schedule_delay": {
      "mean": 0.0006706008103795587,
      "min": -0.0005817769251734717,
      "max": 0.0021601784364975174,
      "p0.1": -0.0005773650177538912,
      "p1": -0.0005376578509776664,
      "p5": -0.0002742378041602933,
      "p10": -0.00016334356128027138,
      "p25": 0.0003325682929471441,
      "median": 0.0006762847926893301,
      "p75": 0.000972849745039639,
      "p90": 0.0014648392419985613,
      "p95": 0.001561851124915847,
      "p99": 0.00204283577570095,
      "p99.9": 0.0021484441704178628
    },
    "send_duration": 58.48599108899998,
    "requested_rate": 1.0,
    "achieved_rate": 1.0258866932543915
  },
  "successes": {
    "count": 60,
    "latency": {
      "request_latency": {
        "mean": 4.11536213516669,
        "min": 2.1427291059999334,
        "max": 7.632011307000084,
        "p0.1": 2.1429390826929384,
        "p1": 2.144828872929984,
        "p5": 2.1606000486000765,
        "p10": 2.1880236996998974,
        "p25": 2.9038529874999313,
        "median": 4.071889333999934,
        "p75": 5.15410325175003,
        "p90": 6.273299832599969,
        "p95": 6.6615984239501564,
        "p99": 7.452853191429893,
        "p99.9": 7.614095495443069
      },
      "normalized_time_per_output_token": {
        "mean": 0.007713881693878548,
        "min": 0.0,
        "max": 0.009643337219457496,
        "p0.1": 0.0,
        "p1": 0.0,
        "p5": 0.0,
        "p10": 0.007255589959526883,
        "p25": 0.008341681971088467,
        "median": 0.00839394615966144,
        "p75": 0.008438052829234127,
        "p90": 0.008604812214241645,
        "p95": 0.008884574617541923,
        "p99": 0.009597064722308998,
        "p99.9": 0.009638709969742646
      },
      "time_per_output_token": {
        "mean": 0.00827551224163318,
        "min": 0.006256365210059107,
        "max": 0.00846448788389465,
        "p0.1": 0.006318197779697245,
        "p1": 0.006874690906440491,
        "p5": 0.008062541863950428,
        "p10": 0.008253522922011742,
        "p25": 0.008292454490525406,
        "median": 0.008332158450401774,
        "p75": 0.008372976269822545,
        "p90": 0.008424124511299936,
        "p95": 0.008433774456225692,
        "p99": 0.008453933011420086,
        "p99.9": 0.008463432396647194
      },
      "time_to_first_token": {
        "mean": 0.02601369165001112,
        "min": 0.019937233999826276,
        "max": 0.03376394799988702,
        "p0.1": 0.019939060344856444,
        "p1": 0.01995549745012795,
        "p5": 0.02098182915012785,
        "p10": 0.02206233719989541,
        "p25": 0.02368743449972044,
        "median": 0.02581314149983882,
        "p75": 0.02785281125011352,
        "p90": 0.029746013099975245,
        "p95": 0.03143541589993219,
        "p99": 0.03280267811004705,
        "p99.9": 0.03366782101090304
      },
      "inter_token_latency": {
        "mean": 0.008253899379841013,
        "min": 2.0696000319730956e-05,
        "max": 0.027088141999684012,
        "p0.1": 6.163618703703833e-05,
        "p1": 0.003451733970046007,
        "p5": 0.005893863499932195,
        "p10": 0.006523792099960702,
        "p25": 0.006717828249861668,
        "median": 0.006934896500069954,
        "p75": 0.010772831749932266,
        "p90": 0.010971155200195426,
        "p95": 0.011076513249963681,
        "p99": 0.011430735970020577,
        "p99.9": 0.017715079953837178
      }
    },
    "throughput": {
      "input_tokens_per_sec": 3.264722440417023,
      "output_tokens_per_sec": 425.18672594783834,
      "total_tokens_per_sec": 428.45144838825536,
      "requests_per_sec": 0.9462963595411662
    },
    "prompt_len": {
      "mean": 3.45,
      "min": 2.0,
      "max": 5.0,
      "p0.1": 2.0,
      "p1": 2.0,
      "p5": 2.0,
      "p10": 2.0,
      "p25": 2.0,
      "median": 2.0,
      "p75": 5.0,
      "p90": 5.0,
      "p95": 5.0,
      "p99": 5.0,
      "p99.9": 5.0
    },
    "output_len": {
      "mean": 449.31666666666666,
      "min": 0.0,
      "max": 911.0,
      "p0.1": 0.0,
      "p1": 0.0,
      "p5": 0.0,
      "p10": 255.70000000000002,
      "p25": 290.75,
      "median": 441.0,
      "p75": 595.75,
      "p90": 732.5000000000001,
      "p95": 788.2499999999998,
      "p99": 887.9899999999999,
      "p99.9": 908.6990000000004
    }
  },
  "failures": {
    "count": 0,
    "request_latency": null,
    "prompt_len": null
  }
}