{
  "load_summary": {
    "count": 240,
    "schedule_delay": {
      "mean": 0.0003296300060962191,
      "min": -0.0009896933938762231,
      "max": 0.0036945931215086603,
      "p0.1": -0.0009108066603939732,
      "p1": -0.0006123189538220686,
      "p5": -0.00044942489560071406,
      "p10": -0.0002784926232379803,
      "p25": -7.198491039162036e-05,
      "median": 0.00022009103099662752,
      "p75": 0.0006382018207204965,
      "p90": 0.0009501096067197068,
      "p95": 0.0012597268758554486,
      "p99": 0.00276996648440671,
      "p99.9": 0.0035677693508655594
    },
    "send_duration": 59.69321453199973,
    "requested_rate": 4.0,
    "achieved_rate": 4.020557476785628
  },
  "successes": {
    "count": 240,
    "latency": {
      "request_latency": {
        "mean": 4.591444406583326,
        "min": 2.184832434999862,
        "max": 9.314411520000249,
        "p0.1": 2.197454497502897,
        "p1": 2.252172233010133,
        "p5": 2.3005067612999484,
        "p10": 2.4172292152000407,
        "p25": 3.3134667574998957,
        "median": 4.5200861910000185,
        "p75": 5.780923985750178,
        "p90": 6.586675206799645,
        "p95": 7.363431105300242,
        "p99": 8.833350643329872,
        "p99.9": 9.298769691302217
      },
      "normalized_time_per_output_token": {
        "mean": 0.008500619631515539,
        "min": 0.0,
        "max": 0.011056433521645327,
        "p0.1": 0.0,
        "p1": 0.0,
        "p5": 0.0,
        "p10": 0.008720012251284584,
        "p25": 0.008850425418078735,
        "median": 0.008946352655617839,
        "p75": 0.00908734340597325,
        "p90": 0.00929248286617408,
        "p95": 0.00996441866527353,
        "p99": 0.01097916545008513,
        "p99.9": 0.011045221377679956
      },
      "time_per_output_token": {
        "mean": 0.008885114711032463,
        "min": 0.008425977566405507,
        "max": 0.009163228601719467,
        "p0.1": 0.008438311678006618,
        "p1": 0.00848289654840777,
        "p5": 0.008666269416563892,
        "p10": 0.008709648144367444,
        "p25": 0.008832593141221916,
        "median": 0.008895614043175107,
        "p75": 0.00894784842079841,
        "p90": 0.009058903889453237,
        "p95": 0.009093399090064274,
        "p99": 0.009119619177516832,
        "p99.9": 0.009152851738434139
      },
      "time_to_first_token": {
        "mean": 0.025990136004166213,
        "min": 0.015301459000056639,
        "max": 0.13135856200005946,
        "p0.1": 0.01640110756008653,
        "p1": 0.020025281689931944,
        "p5": 0.02100756399986494,
        "p10": 0.02191987599994718,
        "p25": 0.02321989250003753,
        "median": 0.02551842749971911,
        "p75": 0.027736029000038798,
        "p90": 0.029382188999716164,
        "p95": 0.030542813949841728,
        "p99": 0.032308109360210426,
        "p99.9": 0.10799503311102361
      },
      "inter_token_latency": {
        "mean": 0.008889916287776054,
        "min": 3.058499987673713e-05,
        "max": 0.1151440730000104,
        "p0.1": 0.00023884190385069814,
        "p1": 0.004734781279985327,
        "p5": 0.006393499600017094,
        "p10": 0.006702336200214631,
        "p25": 0.0071879719998833025,
        "median": 0.007896575000359007,
        "p75": 0.01097609399994326,
        "p90": 0.011889651399815192,
        "p95": 0.012200119999943127,
        "p99": 0.01834619851988464,
        "p99.9": 0.020012638040167088
      }
    },
    "throughput": {
      "input_tokens_per_sec": 13.483780787509447,
      "output_tokens_per_sec": 1766.5150919507048,
      "total_tokens_per_sec": 1779.9988727382142,
      "requests_per_sec": 3.728234319127036
    },
    "prompt_len": {
      "mean": 3.6166666666666667,
      "min": 2.0,
      "max": 5.0,
      "p0.1": 2.0,
      "p1": 2.0,
      "p5": 2.0,
      "p10": 2.0,
      "p25": 2.0,
      "median": 5.0,
      "p75": 5.0,
      "p90": 5.0,
      "p95": 5.0,
      "p99": 5.0,
      "p99.9": 5.0
    },
    "output_len": {
      "mean": 473.8208333333333,
      "min": 0.0,
      "max": 1025.0,
      "p0.1": 0.0,
      "p1": 0.0,
      "p5": 0.0,
      "p10": 257.0,
      "p25": 346.0,
      "median": 475.0,
      "p75": 632.25,
      "p90": 716.1999999999999,
      "p95": 813.2499999999999,
      "p99": 990.2899999999987,
      "p99.9": 1025.0
    }
  },
  "failures": {
    "count": 0,
    "request_latency": null,
    "prompt_len": null
  }
}