{
  "load_summary": {
    "count": 420,
    "schedule_delay": {
      "mean": 0.00041536743301440724,
      "min": -0.0011838560390060593,
      "max": 0.004015386281025712,
      "p0.1": -0.001102501890696658,
      "p1": -0.0008301107425131703,
      "p5": -0.00045103870852472025,
      "p10": -0.0002784926232379803,
      "p25": -1.6926240391512692e-05,
      "median": 0.00036943596751370933,
      "p75": 0.0007619000193699321,
      "p90": 0.0010977660284879676,
      "p95": 0.0014263720585859104,
      "p99": 0.0024749897695755868,
      "p99.9": 0.003880973947188091
    }
  },
  "successes": {
    "count": 420,
    "latency": {
      "request_latency": {
        "mean": 4.498760504280948,
        "min": 2.1427291059999334,
        "max": 9.314411520000249,
        "p0.1": 2.144220296412969,
        "p1": 2.1673191721100373,
        "p5": 2.260851818049923,
        "p10": 2.345341920300143,
        "p25": 3.2184940514998743,
        "median": 4.410431438500154,
        "p75": 5.652302672250016,
        "p90": 6.569547785099667,
        "p95": 7.3174402440501805,
        "p99": 8.677757039239792,
        "p99.9": 9.286989234542196
      },
      "normalized_time_per_output_token": {
        "mean": 0.00823140670095377,
        "min": 0.0,
        "max": 0.011056433521645327,
        "p0.1": 0.0,
        "p1": 0.0,
        "p5": 0.0,
        "p10": 0.008341171426635777,
        "p25": 0.00852136942979171,
        "median": 0.008842488970141515,
        "p75": 0.00900105150878607,
        "p90": 0.009255245869726125,
        "p95": 0.009697958791660063,
        "p99": 0.010834468042216619,
        "p99.9": 0.011036777085153736
      },
      "time_per_output_token": {
        "mean": 0.008703810020460861,
        "min": 0.006256365210059107,
        "max": 0.009163228601719467,
        "p0.1": 0.006695481255455378,
        "p1": 0.008017035202465276,
        "p5": 0.008305829293633884,
        "p10": 0.008354847096639745,
        "p25": 0.008505222276588256,
        "median": 0.008791882672655361,
        "p75": 0.008909260936637589,
        "p90": 0.008979392213975017,
        "p95": 0.00906753192246941,
        "p99": 0.009106765904234284,
        "p99.9": 0.009145036527591634
      },
      "time_to_first_token": {
        "mean": 0.026153959892854756,
        "min": 0.015301459000056639,
        "max": 0.13207213300029252,
        "p0.1": 0.016965365822055448,
        "p1": 0.019907038100132012,
        "p5": 0.02090801940021265,
        "p10": 0.021844184300061898,
        "p25": 0.023311710499910987,
        "median": 0.025783946999808904,
        "p75": 0.027825060500049403,
        "p90": 0.029637576399727552,
        "p95": 0.030547220200060107,
        "p99": 0.03325869968028656,
        "p99.9": 0.13177314675119492
      },
      "inter_token_latency": {
        "mean": 0.008703656101074141,
        "min": 2.0696000319730956e-05,
        "max": 0.1151440730000104,
        "p0.1": 0.0001904887919963585,
        "p1": 0.004793657520021952,
        "p5": 0.006149439700175207,
        "p10": 0.006625936199816352,
        "p25": 0.007005030499840359,
        "median": 0.007733928000106971,
        "p75": 0.010844721000012214,
        "p90": 0.011535381200064877,
        "p95": 0.012024068400251053,
        "p99": 0.017831509660036327,
        "p99.9": 0.019494612880015725
      }
    },
    "throughput": {
      "input_tokens_per_sec": 6.612858583698104,
      "output_tokens_per_sec": 869.8838223244377,
      "total_tokens_per_sec": 876.4966809081358,
      "requests_per_sec": 1.8640272517806735
    },
    "prompt_len": {
      "mean": 3.5476190476190474,
      "min": 2.0,
      "max": 5.0,
      "p0.1": 2.0,
      "p1": 2.0,
      "p5": 2.0,
      "p10": 2.0,
      "p25": 2.0,
      "median": 5.0,
      "p75": 5.0,
      "p90": 5.0,
      "p95": 5.0,
      "p99": 5.0,
      "p99.9": 5.0
    },
    "output_len": {
      "mean": 466.6690476190476,
      "min": 0.0,
      "max": 1025.0,
      "p0.1": 0.0,
      "p1": 0.0,
      "p5": 0.0,
      "p10": 255.0,
      "p25": 337.25,
      "median": 463.0,
      "p75": 632.25,
      "p90": 725.2,
      "p95": 813.2499999999998,
      "p99": 933.9100000000001,
      "p99.9": 1025.0
    }
  },
  "failures": {
    "count": 0,
    "request_latency": null,
    "prompt_len": null
  }
}